input_file,si,ti,n
/media/data01/AVT-VQDB-UHD-1/segments/Dancers_8s_617kbps_360p_60.0fps_h264.mp4,22.546,0.0,1
/media/data01/AVT-VQDB-UHD-1/segments/Dancers_8s_617kbps_360p_60.0fps_h264.mp4,22.503,0.293,2
/media/data01/AVT-VQDB-UHD-1/segments/Dancers_8s_617kbps_360p_60.0fps_h264.mp4,22.494,0.193,3
/media/data01/AVT-VQDB-UHD-1/segments/Dancers_8s_617kbps_360p_60.0fps_h264.mp4,22.49,0.181,4
/media/data01/AVT-VQDB-UHD-1/segments/Dancers_8s_617kbps_360p_60.0fps_h264.mp4,22.49,0.222,5
/media/data01/AVT-VQDB-UHD-1/segments/Dancers_8s_617kbps_360p_60.0fps_h264.mp4,22.427,0.308,6
/media/data01/AVT-VQDB-UHD-1/segments/Dancers_8s_617kbps_360p_60.0fps_h264.mp4,22.427,0.225,7
/media/data01/AVT-VQDB-UHD-1/segments/Dancers_8s_617kbps_360p_60.0fps_h264.mp4,22.433,0.19,8
/media/data01/AVT-VQDB-UHD-1/segments/Dancers_8s_617kbps_360p_60.0fps_h264.mp4,22.464,0.201,9
/media/data01/AVT-VQDB-UHD-1/segments/Dancers_8s_617kbps_360p_60.0fps_h264.mp4,22.41,0.26,10
/media/data01/AVT-VQDB-UHD-1/segments/Dancers_8s_617kbps_360p_60.0fps_h264.mp4,22.41,0.216,11
/media/data01/AVT-VQDB-UHD-1/segments/Dancers_8s_617kbps_360p_60.0fps_h264.mp4,22.403,0.176,12
/media/data01/AVT-VQDB-UHD-1/segments/Dancers_8s_617kbps_360p_60.0fps_h264.mp4,22.429,0.216,13
/media/data01/AVT-VQDB-UHD-1/segments/Dancers_8s_617kbps_360p_60.0fps_h264.mp4,22.4,0.277,14
/media/data01/AVT-VQDB-UHD-1/segments/Dancers_8s_617kbps_360p_60.0fps_h264.mp4,22.374,0.211,15
/media/data01/AVT-VQDB-UHD-1/segments/Dancers_8s_617kbps_360p_60.0fps_h264.mp4,22.385,0.2,16
/media/data01/AVT-VQDB-UHD-1/segments/Dancers_8s_617kbps_360p_60.0fps_h264.mp4,22.386,0.193,17
/media/data01/AVT-VQDB-UHD-1/segments/Dancers_8s_617kbps_360p_60.0fps_h264.mp4,22.332,0.274,18
/media/data01/AVT-VQDB-UHD-1/segments/Dancers_8s_617kbps_360p_60.0fps_h264.mp4,22.324,0.194,19
/media/data01/AVT-VQDB-UHD-1/segments/Dancers_8s_617kbps_360p_60.0fps_h264.mp4,22.308,0.171,20
/media/data01/AVT-VQDB-UHD-1/segments/Dancers_8s_617kbps_360p_60.0fps_h264.mp4,22.311,0.187,21
/media/data01/AVT-VQDB-UHD-1/segments/Dancers_8s_617kbps_360p_60.0fps_h264.mp4,22.294,0.231,22
/media/data01/AVT-VQDB-UHD-1/segments/Dancers_8s_617kbps_360p_60.0fps_h264.mp4,22.283,0.168,23
/media/data01/AVT-VQDB-UHD-1/segments/Dancers_8s_617kbps_360p_60.0fps_h264.mp4,22.287,0.155,24
/media/data01/AVT-VQDB-UHD-1/segments/Dancers_8s_617kbps_360p_60.0fps_h264.mp4,22.291,0.168,25
/media/data01/AVT-VQDB-UHD-1/segments/Dancers_8s_617kbps_360p_60.0fps_h264.mp4,22.271,0.219,26
/media/data01/AVT-VQDB-UHD-1/segments/Dancers_8s_617kbps_360p_60.0fps_h264.mp4,22.259,0.205,27
/media/data01/AVT-VQDB-UHD-1/segments/Dancers_8s_617kbps_360p_60.0fps_h264.mp4,22.274,0.199,28
/media/data01/AVT-VQDB-UHD-1/segments/Dancers_8s_617kbps_360p_60.0fps_h264.mp4,22.305,0.198,29
/media/data01/AVT-VQDB-UHD-1/segments/Dancers_8s_617kbps_360p_60.0fps_h264.mp4,22.298,0.247,30
/media/data01/AVT-VQDB-UHD-1/segments/Dancers_8s_617kbps_360p_60.0fps_h264.mp4,22.318,0.203,31
/media/data01/AVT-VQDB-UHD-1/segments/Dancers_8s_617kbps_360p_60.0fps_h264.mp4,22.346,0.197,32
/media/data01/AVT-VQDB-UHD-1/segments/Dancers_8s_617kbps_360p_60.0fps_h264.mp4,22.396,0.18,33
/media/data01/AVT-VQDB-UHD-1/segments/Dancers_8s_617kbps_360p_60.0fps_h264.mp4,22.381,0.237,34
/media/data01/AVT-VQDB-UHD-1/segments/Dancers_8s_617kbps_360p_60.0fps_h264.mp4,22.385,0.164,35
/media/data01/AVT-VQDB-UHD-1/segments/Dancers_8s_617kbps_360p_60.0fps_h264.mp4,22.401,0.183,36
/media/data01/AVT-VQDB-UHD-1/segments/Dancers_8s_617kbps_360p_60.0fps_h264.mp4,22.425,0.172,37
/media/data01/AVT-VQDB-UHD-1/segments/Dancers_8s_617kbps_360p_60.0fps_h264.mp4,22.417,0.208,38
/media/data01/AVT-VQDB-UHD-1/segments/Dancers_8s_617kbps_360p_60.0fps_h264.mp4,22.405,0.171,39
/media/data01/AVT-VQDB-UHD-1/segments/Dancers_8s_617kbps_360p_60.0fps_h264.mp4,22.395,0.152,40
/media/data01/AVT-VQDB-UHD-1/segments/Dancers_8s_617kbps_360p_60.0fps_h264.mp4,22.395,0.173,41
/media/data01/AVT-VQDB-UHD-1/segments/Dancers_8s_617kbps_360p_60.0fps_h264.mp4,22.371,0.206,42
/media/data01/AVT-VQDB-UHD-1/segments/Dancers_8s_617kbps_360p_60.0fps_h264.mp4,22.375,0.204,43
/media/data01/AVT-VQDB-UHD-1/segments/Dancers_8s_617kbps_360p_60.0fps_h264.mp4,22.38,0.172,44
/media/data01/AVT-VQDB-UHD-1/segments/Dancers_8s_617kbps_360p_60.0fps_h264.mp4,22.402,0.183,45
/media/data01/AVT-VQDB-UHD-1/segments/Dancers_8s_617kbps_360p_60.0fps_h264.mp4,22.338,0.247,46
/media/data01/AVT-VQDB-UHD-1/segments/Dancers_8s_617kbps_360p_60.0fps_h264.mp4,22.303,0.274,47
/media/data01/AVT-VQDB-UHD-1/segments/Dancers_8s_617kbps_360p_60.0fps_h264.mp4,22.345,0.246,48
/media/data01/AVT-VQDB-UHD-1/segments/Dancers_8s_617kbps_360p_60.0fps_h264.mp4,22.409,0.299,49
/media/data01/AVT-VQDB-UHD-1/segments/Dancers_8s_617kbps_360p_60.0fps_h264.mp4,22.313,0.363,50
/media/data01/AVT-VQDB-UHD-1/segments/Dancers_8s_617kbps_360p_60.0fps_h264.mp4,22.317,0.384,51
/media/data01/AVT-VQDB-UHD-1/segments/Dancers_8s_617kbps_360p_60.0fps_h264.mp4,22.374,0.378,52
/media/data01/AVT-VQDB-UHD-1/segments/Dancers_8s_617kbps_360p_60.0fps_h264.mp4,22.547,0.464,53
/media/data01/AVT-VQDB-UHD-1/segments/Dancers_8s_617kbps_360p_60.0fps_h264.mp4,22.347,0.564,54
/media/data01/AVT-VQDB-UHD-1/segments/Dancers_8s_617kbps_360p_60.0fps_h264.mp4,22.328,0.604,55
/media/data01/AVT-VQDB-UHD-1/segments/Dancers_8s_617kbps_360p_60.0fps_h264.mp4,22.285,0.617,56
/media/data01/AVT-VQDB-UHD-1/segments/Dancers_8s_617kbps_360p_60.0fps_h264.mp4,22.521,0.708,57
/media/data01/AVT-VQDB-UHD-1/segments/Dancers_8s_617kbps_360p_60.0fps_h264.mp4,22.303,0.749,58
/media/data01/AVT-VQDB-UHD-1/segments/Dancers_8s_617kbps_360p_60.0fps_h264.mp4,22.161,0.779,59
/media/data01/AVT-VQDB-UHD-1/segments/Dancers_8s_617kbps_360p_60.0fps_h264.mp4,22.371,0.796,60
/media/data01/AVT-VQDB-UHD-1/segments/Dancers_8s_617kbps_360p_60.0fps_h264.mp4,22.498,1.352,61
/media/data01/AVT-VQDB-UHD-1/segments/Dancers_8s_617kbps_360p_60.0fps_h264.mp4,22.183,0.963,62
/media/data01/AVT-VQDB-UHD-1/segments/Dancers_8s_617kbps_360p_60.0fps_h264.mp4,22.185,0.989,63
/media/data01/AVT-VQDB-UHD-1/segments/Dancers_8s_617kbps_360p_60.0fps_h264.mp4,22.182,1.043,64
/media/data01/AVT-VQDB-UHD-1/segments/Dancers_8s_617kbps_360p_60.0fps_h264.mp4,22.497,1.106,65
/media/data01/AVT-VQDB-UHD-1/segments/Dancers_8s_617kbps_360p_60.0fps_h264.mp4,22.126,1.143,66
/media/data01/AVT-VQDB-UHD-1/segments/Dancers_8s_617kbps_360p_60.0fps_h264.mp4,22.262,1.187,67
/media/data01/AVT-VQDB-UHD-1/segments/Dancers_8s_617kbps_360p_60.0fps_h264.mp4,22.16,1.305,68
/media/data01/AVT-VQDB-UHD-1/segments/Dancers_8s_617kbps_360p_60.0fps_h264.mp4,22.518,1.427,69
/media/data01/AVT-VQDB-UHD-1/segments/Dancers_8s_617kbps_360p_60.0fps_h264.mp4,22.267,1.564,70
/media/data01/AVT-VQDB-UHD-1/segments/Dancers_8s_617kbps_360p_60.0fps_h264.mp4,22.647,1.646,71
/media/data01/AVT-VQDB-UHD-1/segments/Dancers_8s_617kbps_360p_60.0fps_h264.mp4,22.735,1.862,72
/media/data01/AVT-VQDB-UHD-1/segments/Dancers_8s_617kbps_360p_60.0fps_h264.mp4,23.168,1.977,73
/media/data01/AVT-VQDB-UHD-1/segments/Dancers_8s_617kbps_360p_60.0fps_h264.mp4,22.895,2.028,74
/media/data01/AVT-VQDB-UHD-1/segments/Dancers_8s_617kbps_360p_60.0fps_h264.mp4,23.369,2.107,75
/media/data01/AVT-VQDB-UHD-1/segments/Dancers_8s_617kbps_360p_60.0fps_h264.mp4,23.377,2.172,76
/media/data01/AVT-VQDB-UHD-1/segments/Dancers_8s_617kbps_360p_60.0fps_h264.mp4,23.676,2.276,77
/media/data01/AVT-VQDB-UHD-1/segments/Dancers_8s_617kbps_360p_60.0fps_h264.mp4,23.571,2.335,78
/media/data01/AVT-VQDB-UHD-1/segments/Dancers_8s_617kbps_360p_60.0fps_h264.mp4,23.802,2.413,79
/media/data01/AVT-VQDB-UHD-1/segments/Dancers_8s_617kbps_360p_60.0fps_h264.mp4,23.947,2.416,80
/media/data01/AVT-VQDB-UHD-1/segments/Dancers_8s_617kbps_360p_60.0fps_h264.mp4,24.028,2.455,81
/media/data01/AVT-VQDB-UHD-1/segments/Dancers_8s_617kbps_360p_60.0fps_h264.mp4,24.013,2.513,82
/media/data01/AVT-VQDB-UHD-1/segments/Dancers_8s_617kbps_360p_60.0fps_h264.mp4,24.075,2.512,83
/media/data01/AVT-VQDB-UHD-1/segments/Dancers_8s_617kbps_360p_60.0fps_h264.mp4,24.227,2.624,84
/media/data01/AVT-VQDB-UHD-1/segments/Dancers_8s_617kbps_360p_60.0fps_h264.mp4,24.313,2.622,85
/media/data01/AVT-VQDB-UHD-1/segments/Dancers_8s_617kbps_360p_60.0fps_h264.mp4,24.171,2.702,86
/media/data01/AVT-VQDB-UHD-1/segments/Dancers_8s_617kbps_360p_60.0fps_h264.mp4,24.304,2.771,87
/media/data01/AVT-VQDB-UHD-1/segments/Dancers_8s_617kbps_360p_60.0fps_h264.mp4,24.46,2.803,88
/media/data01/AVT-VQDB-UHD-1/segments/Dancers_8s_617kbps_360p_60.0fps_h264.mp4,24.639,2.98,89
/media/data01/AVT-VQDB-UHD-1/segments/Dancers_8s_617kbps_360p_60.0fps_h264.mp4,24.453,3.034,90
/media/data01/AVT-VQDB-UHD-1/segments/Dancers_8s_617kbps_360p_60.0fps_h264.mp4,24.473,3.065,91
/media/data01/AVT-VQDB-UHD-1/segments/Dancers_8s_617kbps_360p_60.0fps_h264.mp4,24.508,3.118,92
/media/data01/AVT-VQDB-UHD-1/segments/Dancers_8s_617kbps_360p_60.0fps_h264.mp4,24.763,3.277,93
/media/data01/AVT-VQDB-UHD-1/segments/Dancers_8s_617kbps_360p_60.0fps_h264.mp4,24.343,3.312,94
/media/data01/AVT-VQDB-UHD-1/segments/Dancers_8s_617kbps_360p_60.0fps_h264.mp4,24.36,3.296,95
/media/data01/AVT-VQDB-UHD-1/segments/Dancers_8s_617kbps_360p_60.0fps_h264.mp4,24.508,3.413,96
/media/data01/AVT-VQDB-UHD-1/segments/Dancers_8s_617kbps_360p_60.0fps_h264.mp4,24.699,3.378,97
/media/data01/AVT-VQDB-UHD-1/segments/Dancers_8s_617kbps_360p_60.0fps_h264.mp4,24.359,3.442,98
/media/data01/AVT-VQDB-UHD-1/segments/Dancers_8s_617kbps_360p_60.0fps_h264.mp4,24.587,3.382,99
/media/data01/AVT-VQDB-UHD-1/segments/Dancers_8s_617kbps_360p_60.0fps_h264.mp4,24.673,3.452,100
/media/data01/AVT-VQDB-UHD-1/segments/Dancers_8s_617kbps_360p_60.0fps_h264.mp4,24.958,3.5,101
/media/data01/AVT-VQDB-UHD-1/segments/Dancers_8s_617kbps_360p_60.0fps_h264.mp4,24.715,3.65,102
/media/data01/AVT-VQDB-UHD-1/segments/Dancers_8s_617kbps_360p_60.0fps_h264.mp4,24.966,3.844,103
/media/data01/AVT-VQDB-UHD-1/segments/Dancers_8s_617kbps_360p_60.0fps_h264.mp4,24.722,4.006,104
/media/data01/AVT-VQDB-UHD-1/segments/Dancers_8s_617kbps_360p_60.0fps_h264.mp4,24.379,4.049,105
/media/data01/AVT-VQDB-UHD-1/segments/Dancers_8s_617kbps_360p_60.0fps_h264.mp4,24.102,4.15,106
/media/data01/AVT-VQDB-UHD-1/segments/Dancers_8s_617kbps_360p_60.0fps_h264.mp4,24.159,4.314,107
/media/data01/AVT-VQDB-UHD-1/segments/Dancers_8s_617kbps_360p_60.0fps_h264.mp4,24.393,4.524,108
/media/data01/AVT-VQDB-UHD-1/segments/Dancers_8s_617kbps_360p_60.0fps_h264.mp4,24.589,4.659,109
/media/data01/AVT-VQDB-UHD-1/segments/Dancers_8s_617kbps_360p_60.0fps_h264.mp4,24.539,4.797,110
/media/data01/AVT-VQDB-UHD-1/segments/Dancers_8s_617kbps_360p_60.0fps_h264.mp4,24.924,5.073,111
/media/data01/AVT-VQDB-UHD-1/segments/Dancers_8s_617kbps_360p_60.0fps_h264.mp4,25.084,5.32,112
/media/data01/AVT-VQDB-UHD-1/segments/Dancers_8s_617kbps_360p_60.0fps_h264.mp4,25.325,5.531,113
/media/data01/AVT-VQDB-UHD-1/segments/Dancers_8s_617kbps_360p_60.0fps_h264.mp4,25.154,5.696,114
/media/data01/AVT-VQDB-UHD-1/segments/Dancers_8s_617kbps_360p_60.0fps_h264.mp4,25.278,5.875,115
/media/data01/AVT-VQDB-UHD-1/segments/Dancers_8s_617kbps_360p_60.0fps_h264.mp4,25.372,5.991,116
/media/data01/AVT-VQDB-UHD-1/segments/Dancers_8s_617kbps_360p_60.0fps_h264.mp4,25.88,6.134,117
/media/data01/AVT-VQDB-UHD-1/segments/Dancers_8s_617kbps_360p_60.0fps_h264.mp4,25.656,6.183,118
/media/data01/AVT-VQDB-UHD-1/segments/Dancers_8s_617kbps_360p_60.0fps_h264.mp4,25.855,6.178,119
/media/data01/AVT-VQDB-UHD-1/segments/Dancers_8s_617kbps_360p_60.0fps_h264.mp4,26.265,6.185,120
/media/data01/AVT-VQDB-UHD-1/segments/Dancers_8s_617kbps_360p_60.0fps_h264.mp4,27.038,6.318,121
/media/data01/AVT-VQDB-UHD-1/segments/Dancers_8s_617kbps_360p_60.0fps_h264.mp4,26.616,6.247,122
/media/data01/AVT-VQDB-UHD-1/segments/Dancers_8s_617kbps_360p_60.0fps_h264.mp4,26.775,6.047,123
/media/data01/AVT-VQDB-UHD-1/segments/Dancers_8s_617kbps_360p_60.0fps_h264.mp4,26.689,5.916,124
/media/data01/AVT-VQDB-UHD-1/segments/Dancers_8s_617kbps_360p_60.0fps_h264.mp4,27.104,5.798,125
/media/data01/AVT-VQDB-UHD-1/segments/Dancers_8s_617kbps_360p_60.0fps_h264.mp4,26.651,5.61,126
/media/data01/AVT-VQDB-UHD-1/segments/Dancers_8s_617kbps_360p_60.0fps_h264.mp4,26.93,5.498,127
/media/data01/AVT-VQDB-UHD-1/segments/Dancers_8s_617kbps_360p_60.0fps_h264.mp4,26.96,5.397,128
/media/data01/AVT-VQDB-UHD-1/segments/Dancers_8s_617kbps_360p_60.0fps_h264.mp4,27.624,5.325,129
/media/data01/AVT-VQDB-UHD-1/segments/Dancers_8s_617kbps_360p_60.0fps_h264.mp4,27.291,5.262,130
/media/data01/AVT-VQDB-UHD-1/segments/Dancers_8s_617kbps_360p_60.0fps_h264.mp4,27.788,5.229,131
/media/data01/AVT-VQDB-UHD-1/segments/Dancers_8s_617kbps_360p_60.0fps_h264.mp4,27.669,5.189,132
/media/data01/AVT-VQDB-UHD-1/segments/Dancers_8s_617kbps_360p_60.0fps_h264.mp4,28.194,5.13,133
/media/data01/AVT-VQDB-UHD-1/segments/Dancers_8s_617kbps_360p_60.0fps_h264.mp4,27.746,5.143,134
/media/data01/AVT-VQDB-UHD-1/segments/Dancers_8s_617kbps_360p_60.0fps_h264.mp4,28.266,5.126,135
/media/data01/AVT-VQDB-UHD-1/segments/Dancers_8s_617kbps_360p_60.0fps_h264.mp4,28.484,5.237,136
/media/data01/AVT-VQDB-UHD-1/segments/Dancers_8s_617kbps_360p_60.0fps_h264.mp4,29.38,5.289,137
/media/data01/AVT-VQDB-UHD-1/segments/Dancers_8s_617kbps_360p_60.0fps_h264.mp4,28.863,5.295,138
/media/data01/AVT-VQDB-UHD-1/segments/Dancers_8s_617kbps_360p_60.0fps_h264.mp4,29.202,5.215,139
/media/data01/AVT-VQDB-UHD-1/segments/Dancers_8s_617kbps_360p_60.0fps_h264.mp4,29.519,5.138,140
/media/data01/AVT-VQDB-UHD-1/segments/Dancers_8s_617kbps_360p_60.0fps_h264.mp4,30.099,5.165,141
/media/data01/AVT-VQDB-UHD-1/segments/Dancers_8s_617kbps_360p_60.0fps_h264.mp4,29.56,5.056,142
/media/data01/AVT-VQDB-UHD-1/segments/Dancers_8s_617kbps_360p_60.0fps_h264.mp4,29.902,5.0,143
/media/data01/AVT-VQDB-UHD-1/segments/Dancers_8s_617kbps_360p_60.0fps_h264.mp4,29.908,4.932,144
/media/data01/AVT-VQDB-UHD-1/segments/Dancers_8s_617kbps_360p_60.0fps_h264.mp4,30.585,4.819,145
/media/data01/AVT-VQDB-UHD-1/segments/Dancers_8s_617kbps_360p_60.0fps_h264.mp4,30.306,4.722,146
/media/data01/AVT-VQDB-UHD-1/segments/Dancers_8s_617kbps_360p_60.0fps_h264.mp4,30.389,4.689,147
/media/data01/AVT-VQDB-UHD-1/segments/Dancers_8s_617kbps_360p_60.0fps_h264.mp4,30.399,4.651,148
/media/data01/AVT-VQDB-UHD-1/segments/Dancers_8s_617kbps_360p_60.0fps_h264.mp4,30.956,4.69,149
/media/data01/AVT-VQDB-UHD-1/segments/Dancers_8s_617kbps_360p_60.0fps_h264.mp4,30.829,4.704,150
/media/data01/AVT-VQDB-UHD-1/segments/Dancers_8s_617kbps_360p_60.0fps_h264.mp4,31.158,4.685,151
/media/data01/AVT-VQDB-UHD-1/segments/Dancers_8s_617kbps_360p_60.0fps_h264.mp4,31.128,4.622,152
/media/data01/AVT-VQDB-UHD-1/segments/Dancers_8s_617kbps_360p_60.0fps_h264.mp4,31.679,4.704,153
/media/data01/AVT-VQDB-UHD-1/segments/Dancers_8s_617kbps_360p_60.0fps_h264.mp4,31.41,4.734,154
/media/data01/AVT-VQDB-UHD-1/segments/Dancers_8s_617kbps_360p_60.0fps_h264.mp4,31.686,4.715,155
/media/data01/AVT-VQDB-UHD-1/segments/Dancers_8s_617kbps_360p_60.0fps_h264.mp4,31.8,4.823,156
/media/data01/AVT-VQDB-UHD-1/segments/Dancers_8s_617kbps_360p_60.0fps_h264.mp4,32.271,5.005,157
/media/data01/AVT-VQDB-UHD-1/segments/Dancers_8s_617kbps_360p_60.0fps_h264.mp4,31.56,5.088,158
/media/data01/AVT-VQDB-UHD-1/segments/Dancers_8s_617kbps_360p_60.0fps_h264.mp4,31.759,5.061,159
/media/data01/AVT-VQDB-UHD-1/segments/Dancers_8s_617kbps_360p_60.0fps_h264.mp4,31.657,5.135,160
/media/data01/AVT-VQDB-UHD-1/segments/Dancers_8s_617kbps_360p_60.0fps_h264.mp4,31.884,5.153,161
/media/data01/AVT-VQDB-UHD-1/segments/Dancers_8s_617kbps_360p_60.0fps_h264.mp4,31.373,5.093,162
/media/data01/AVT-VQDB-UHD-1/segments/Dancers_8s_617kbps_360p_60.0fps_h264.mp4,31.48,5.022,163
/media/data01/AVT-VQDB-UHD-1/segments/Dancers_8s_617kbps_360p_60.0fps_h264.mp4,31.447,5.127,164
/media/data01/AVT-VQDB-UHD-1/segments/Dancers_8s_617kbps_360p_60.0fps_h264.mp4,31.93,5.197,165
/media/data01/AVT-VQDB-UHD-1/segments/Dancers_8s_617kbps_360p_60.0fps_h264.mp4,31.485,5.31,166
/media/data01/AVT-VQDB-UHD-1/segments/Dancers_8s_617kbps_360p_60.0fps_h264.mp4,31.449,5.26,167
/media/data01/AVT-VQDB-UHD-1/segments/Dancers_8s_617kbps_360p_60.0fps_h264.mp4,31.521,5.296,168
/media/data01/AVT-VQDB-UHD-1/segments/Dancers_8s_617kbps_360p_60.0fps_h264.mp4,31.919,5.333,169
/media/data01/AVT-VQDB-UHD-1/segments/Dancers_8s_617kbps_360p_60.0fps_h264.mp4,31.475,5.435,170
/media/data01/AVT-VQDB-UHD-1/segments/Dancers_8s_617kbps_360p_60.0fps_h264.mp4,31.492,5.355,171
/media/data01/AVT-VQDB-UHD-1/segments/Dancers_8s_617kbps_360p_60.0fps_h264.mp4,31.67,5.496,172
/media/data01/AVT-VQDB-UHD-1/segments/Dancers_8s_617kbps_360p_60.0fps_h264.mp4,32.172,5.534,173
/media/data01/AVT-VQDB-UHD-1/segments/Dancers_8s_617kbps_360p_60.0fps_h264.mp4,31.957,5.574,174
/media/data01/AVT-VQDB-UHD-1/segments/Dancers_8s_617kbps_360p_60.0fps_h264.mp4,31.952,5.509,175
/media/data01/AVT-VQDB-UHD-1/segments/Dancers_8s_617kbps_360p_60.0fps_h264.mp4,31.981,5.51,176
/media/data01/AVT-VQDB-UHD-1/segments/Dancers_8s_617kbps_360p_60.0fps_h264.mp4,32.343,5.541,177
/media/data01/AVT-VQDB-UHD-1/segments/Dancers_8s_617kbps_360p_60.0fps_h264.mp4,31.985,5.52,178
/media/data01/AVT-VQDB-UHD-1/segments/Dancers_8s_617kbps_360p_60.0fps_h264.mp4,31.669,5.379,179
/media/data01/AVT-VQDB-UHD-1/segments/Dancers_8s_617kbps_360p_60.0fps_h264.mp4,31.833,5.341,180
/media/data01/AVT-VQDB-UHD-1/segments/Dancers_8s_617kbps_360p_60.0fps_h264.mp4,32.219,5.534,181
/media/data01/AVT-VQDB-UHD-1/segments/Dancers_8s_617kbps_360p_60.0fps_h264.mp4,31.643,5.365,182
/media/data01/AVT-VQDB-UHD-1/segments/Dancers_8s_617kbps_360p_60.0fps_h264.mp4,31.551,5.265,183
/media/data01/AVT-VQDB-UHD-1/segments/Dancers_8s_617kbps_360p_60.0fps_h264.mp4,31.364,5.151,184
/media/data01/AVT-VQDB-UHD-1/segments/Dancers_8s_617kbps_360p_60.0fps_h264.mp4,31.619,5.065,185
/media/data01/AVT-VQDB-UHD-1/segments/Dancers_8s_617kbps_360p_60.0fps_h264.mp4,30.998,4.865,186
/media/data01/AVT-VQDB-UHD-1/segments/Dancers_8s_617kbps_360p_60.0fps_h264.mp4,31.085,4.8,187
/media/data01/AVT-VQDB-UHD-1/segments/Dancers_8s_617kbps_360p_60.0fps_h264.mp4,31.16,4.616,188
/media/data01/AVT-VQDB-UHD-1/segments/Dancers_8s_617kbps_360p_60.0fps_h264.mp4,31.464,4.668,189
/media/data01/AVT-VQDB-UHD-1/segments/Dancers_8s_617kbps_360p_60.0fps_h264.mp4,30.812,4.624,190
/media/data01/AVT-VQDB-UHD-1/segments/Dancers_8s_617kbps_360p_60.0fps_h264.mp4,30.849,4.479,191
/media/data01/AVT-VQDB-UHD-1/segments/Dancers_8s_617kbps_360p_60.0fps_h264.mp4,30.561,4.465,192
/media/data01/AVT-VQDB-UHD-1/segments/Dancers_8s_617kbps_360p_60.0fps_h264.mp4,30.857,4.416,193
/media/data01/AVT-VQDB-UHD-1/segments/Dancers_8s_617kbps_360p_60.0fps_h264.mp4,30.612,4.414,194
/media/data01/AVT-VQDB-UHD-1/segments/Dancers_8s_617kbps_360p_60.0fps_h264.mp4,30.971,4.395,195
/media/data01/AVT-VQDB-UHD-1/segments/Dancers_8s_617kbps_360p_60.0fps_h264.mp4,30.848,4.448,196
/media/data01/AVT-VQDB-UHD-1/segments/Dancers_8s_617kbps_360p_60.0fps_h264.mp4,31.455,4.459,197
/media/data01/AVT-VQDB-UHD-1/segments/Dancers_8s_617kbps_360p_60.0fps_h264.mp4,31.232,4.355,198
/media/data01/AVT-VQDB-UHD-1/segments/Dancers_8s_617kbps_360p_60.0fps_h264.mp4,31.614,4.165,199
/media/data01/AVT-VQDB-UHD-1/segments/Dancers_8s_617kbps_360p_60.0fps_h264.mp4,31.697,4.114,200
/media/data01/AVT-VQDB-UHD-1/segments/Dancers_8s_617kbps_360p_60.0fps_h264.mp4,32.292,4.212,201
/media/data01/AVT-VQDB-UHD-1/segments/Dancers_8s_617kbps_360p_60.0fps_h264.mp4,31.96,4.047,202
/media/data01/AVT-VQDB-UHD-1/segments/Dancers_8s_617kbps_360p_60.0fps_h264.mp4,32.214,3.885,203
/media/data01/AVT-VQDB-UHD-1/segments/Dancers_8s_617kbps_360p_60.0fps_h264.mp4,32.194,3.736,204
/media/data01/AVT-VQDB-UHD-1/segments/Dancers_8s_617kbps_360p_60.0fps_h264.mp4,32.513,3.556,205
/media/data01/AVT-VQDB-UHD-1/segments/Dancers_8s_617kbps_360p_60.0fps_h264.mp4,32.074,3.787,206
/media/data01/AVT-VQDB-UHD-1/segments/Dancers_8s_617kbps_360p_60.0fps_h264.mp4,32.03,3.778,207
/media/data01/AVT-VQDB-UHD-1/segments/Dancers_8s_617kbps_360p_60.0fps_h264.mp4,32.041,3.747,208
/media/data01/AVT-VQDB-UHD-1/segments/Dancers_8s_617kbps_360p_60.0fps_h264.mp4,32.384,3.74,209
/media/data01/AVT-VQDB-UHD-1/segments/Dancers_8s_617kbps_360p_60.0fps_h264.mp4,32.098,3.617,210
/media/data01/AVT-VQDB-UHD-1/segments/Dancers_8s_617kbps_360p_60.0fps_h264.mp4,32.16,3.476,211
/media/data01/AVT-VQDB-UHD-1/segments/Dancers_8s_617kbps_360p_60.0fps_h264.mp4,32.229,3.409,212
/media/data01/AVT-VQDB-UHD-1/segments/Dancers_8s_617kbps_360p_60.0fps_h264.mp4,32.481,3.449,213
/media/data01/AVT-VQDB-UHD-1/segments/Dancers_8s_617kbps_360p_60.0fps_h264.mp4,32.156,3.474,214
/media/data01/AVT-VQDB-UHD-1/segments/Dancers_8s_617kbps_360p_60.0fps_h264.mp4,32.098,3.34,215
/media/data01/AVT-VQDB-UHD-1/segments/Dancers_8s_617kbps_360p_60.0fps_h264.mp4,32.237,3.349,216
/media/data01/AVT-VQDB-UHD-1/segments/Dancers_8s_617kbps_360p_60.0fps_h264.mp4,32.417,3.401,217
/media/data01/AVT-VQDB-UHD-1/segments/Dancers_8s_617kbps_360p_60.0fps_h264.mp4,32.115,3.446,218
/media/data01/AVT-VQDB-UHD-1/segments/Dancers_8s_617kbps_360p_60.0fps_h264.mp4,32.1,3.318,219
/media/data01/AVT-VQDB-UHD-1/segments/Dancers_8s_617kbps_360p_60.0fps_h264.mp4,31.971,3.328,220
/media/data01/AVT-VQDB-UHD-1/segments/Dancers_8s_617kbps_360p_60.0fps_h264.mp4,32.344,3.367,221
/media/data01/AVT-VQDB-UHD-1/segments/Dancers_8s_617kbps_360p_60.0fps_h264.mp4,31.86,3.309,222
/media/data01/AVT-VQDB-UHD-1/segments/Dancers_8s_617kbps_360p_60.0fps_h264.mp4,32.113,3.278,223
/media/data01/AVT-VQDB-UHD-1/segments/Dancers_8s_617kbps_360p_60.0fps_h264.mp4,31.844,3.318,224
/media/data01/AVT-VQDB-UHD-1/segments/Dancers_8s_617kbps_360p_60.0fps_h264.mp4,32.266,3.323,225
/media/data01/AVT-VQDB-UHD-1/segments/Dancers_8s_617kbps_360p_60.0fps_h264.mp4,31.661,3.261,226
/media/data01/AVT-VQDB-UHD-1/segments/Dancers_8s_617kbps_360p_60.0fps_h264.mp4,32.038,3.189,227
/media/data01/AVT-VQDB-UHD-1/segments/Dancers_8s_617kbps_360p_60.0fps_h264.mp4,31.967,3.196,228
/media/data01/AVT-VQDB-UHD-1/segments/Dancers_8s_617kbps_360p_60.0fps_h264.mp4,32.587,3.358,229
/media/data01/AVT-VQDB-UHD-1/segments/Dancers_8s_617kbps_360p_60.0fps_h264.mp4,32.318,3.402,230
/media/data01/AVT-VQDB-UHD-1/segments/Dancers_8s_617kbps_360p_60.0fps_h264.mp4,32.598,3.444,231
/media/data01/AVT-VQDB-UHD-1/segments/Dancers_8s_617kbps_360p_60.0fps_h264.mp4,32.72,3.427,232
/media/data01/AVT-VQDB-UHD-1/segments/Dancers_8s_617kbps_360p_60.0fps_h264.mp4,33.177,3.647,233
/media/data01/AVT-VQDB-UHD-1/segments/Dancers_8s_617kbps_360p_60.0fps_h264.mp4,32.995,3.589,234
/media/data01/AVT-VQDB-UHD-1/segments/Dancers_8s_617kbps_360p_60.0fps_h264.mp4,33.187,3.525,235
/media/data01/AVT-VQDB-UHD-1/segments/Dancers_8s_617kbps_360p_60.0fps_h264.mp4,33.385,3.418,236
/media/data01/AVT-VQDB-UHD-1/segments/Dancers_8s_617kbps_360p_60.0fps_h264.mp4,33.933,3.512,237
/media/data01/AVT-VQDB-UHD-1/segments/Dancers_8s_617kbps_360p_60.0fps_h264.mp4,33.704,3.432,238
/media/data01/AVT-VQDB-UHD-1/segments/Dancers_8s_617kbps_360p_60.0fps_h264.mp4,33.775,3.418,239
/media/data01/AVT-VQDB-UHD-1/segments/Dancers_8s_617kbps_360p_60.0fps_h264.mp4,33.917,3.458,240
/media/data01/AVT-VQDB-UHD-1/segments/Dancers_8s_617kbps_360p_60.0fps_h264.mp4,34.374,3.77,241
/media/data01/AVT-VQDB-UHD-1/segments/Dancers_8s_617kbps_360p_60.0fps_h264.mp4,34.044,3.624,242
/media/data01/AVT-VQDB-UHD-1/segments/Dancers_8s_617kbps_360p_60.0fps_h264.mp4,34.104,3.516,243
/media/data01/AVT-VQDB-UHD-1/segments/Dancers_8s_617kbps_360p_60.0fps_h264.mp4,34.064,3.491,244
/media/data01/AVT-VQDB-UHD-1/segments/Dancers_8s_617kbps_360p_60.0fps_h264.mp4,34.331,3.462,245
/media/data01/AVT-VQDB-UHD-1/segments/Dancers_8s_617kbps_360p_60.0fps_h264.mp4,34.001,3.44,246
/media/data01/AVT-VQDB-UHD-1/segments/Dancers_8s_617kbps_360p_60.0fps_h264.mp4,34.088,3.226,247
/media/data01/AVT-VQDB-UHD-1/segments/Dancers_8s_617kbps_360p_60.0fps_h264.mp4,34.248,3.278,248
/media/data01/AVT-VQDB-UHD-1/segments/Dancers_8s_617kbps_360p_60.0fps_h264.mp4,34.616,3.328,249
/media/data01/AVT-VQDB-UHD-1/segments/Dancers_8s_617kbps_360p_60.0fps_h264.mp4,34.297,3.19,250
/media/data01/AVT-VQDB-UHD-1/segments/Dancers_8s_617kbps_360p_60.0fps_h264.mp4,34.207,3.101,251
/media/data01/AVT-VQDB-UHD-1/segments/Dancers_8s_617kbps_360p_60.0fps_h264.mp4,34.321,2.914,252
/media/data01/AVT-VQDB-UHD-1/segments/Dancers_8s_617kbps_360p_60.0fps_h264.mp4,34.583,2.797,253
/media/data01/AVT-VQDB-UHD-1/segments/Dancers_8s_617kbps_360p_60.0fps_h264.mp4,34.382,2.662,254
/media/data01/AVT-VQDB-UHD-1/segments/Dancers_8s_617kbps_360p_60.0fps_h264.mp4,34.344,2.568,255
/media/data01/AVT-VQDB-UHD-1/segments/Dancers_8s_617kbps_360p_60.0fps_h264.mp4,34.437,2.452,256
/media/data01/AVT-VQDB-UHD-1/segments/Dancers_8s_617kbps_360p_60.0fps_h264.mp4,34.669,2.337,257
/media/data01/AVT-VQDB-UHD-1/segments/Dancers_8s_617kbps_360p_60.0fps_h264.mp4,34.398,2.26,258
/media/data01/AVT-VQDB-UHD-1/segments/Dancers_8s_617kbps_360p_60.0fps_h264.mp4,34.36,2.172,259
/media/data01/AVT-VQDB-UHD-1/segments/Dancers_8s_617kbps_360p_60.0fps_h264.mp4,34.471,2.131,260
/media/data01/AVT-VQDB-UHD-1/segments/Dancers_8s_617kbps_360p_60.0fps_h264.mp4,34.728,2.064,261
/media/data01/AVT-VQDB-UHD-1/segments/Dancers_8s_617kbps_360p_60.0fps_h264.mp4,34.591,2.016,262
/media/data01/AVT-VQDB-UHD-1/segments/Dancers_8s_617kbps_360p_60.0fps_h264.mp4,34.557,1.911,263
/media/data01/AVT-VQDB-UHD-1/segments/Dancers_8s_617kbps_360p_60.0fps_h264.mp4,34.65,1.859,264
/media/data01/AVT-VQDB-UHD-1/segments/Dancers_8s_617kbps_360p_60.0fps_h264.mp4,34.76,1.793,265
/media/data01/AVT-VQDB-UHD-1/segments/Dancers_8s_617kbps_360p_60.0fps_h264.mp4,34.562,1.738,266
/media/data01/AVT-VQDB-UHD-1/segments/Dancers_8s_617kbps_360p_60.0fps_h264.mp4,34.577,1.717,267
/media/data01/AVT-VQDB-UHD-1/segments/Dancers_8s_617kbps_360p_60.0fps_h264.mp4,34.603,1.622,268
/media/data01/AVT-VQDB-UHD-1/segments/Dancers_8s_617kbps_360p_60.0fps_h264.mp4,34.851,1.689,269
/media/data01/AVT-VQDB-UHD-1/segments/Dancers_8s_617kbps_360p_60.0fps_h264.mp4,34.608,1.734,270
/media/data01/AVT-VQDB-UHD-1/segments/Dancers_8s_617kbps_360p_60.0fps_h264.mp4,34.636,1.661,271
/media/data01/AVT-VQDB-UHD-1/segments/Dancers_8s_617kbps_360p_60.0fps_h264.mp4,34.741,1.616,272
/media/data01/AVT-VQDB-UHD-1/segments/Dancers_8s_617kbps_360p_60.0fps_h264.mp4,35.012,1.491,273
/media/data01/AVT-VQDB-UHD-1/segments/Dancers_8s_617kbps_360p_60.0fps_h264.mp4,34.732,1.494,274
/media/data01/AVT-VQDB-UHD-1/segments/Dancers_8s_617kbps_360p_60.0fps_h264.mp4,34.851,1.46,275
/media/data01/AVT-VQDB-UHD-1/segments/Dancers_8s_617kbps_360p_60.0fps_h264.mp4,34.77,1.471,276
/media/data01/AVT-VQDB-UHD-1/segments/Dancers_8s_617kbps_360p_60.0fps_h264.mp4,35.11,1.459,277
/media/data01/AVT-VQDB-UHD-1/segments/Dancers_8s_617kbps_360p_60.0fps_h264.mp4,34.74,1.511,278
/media/data01/AVT-VQDB-UHD-1/segments/Dancers_8s_617kbps_360p_60.0fps_h264.mp4,34.951,1.449,279
/media/data01/AVT-VQDB-UHD-1/segments/Dancers_8s_617kbps_360p_60.0fps_h264.mp4,34.927,1.432,280
/media/data01/AVT-VQDB-UHD-1/segments/Dancers_8s_617kbps_360p_60.0fps_h264.mp4,35.275,1.411,281
/media/data01/AVT-VQDB-UHD-1/segments/Dancers_8s_617kbps_360p_60.0fps_h264.mp4,34.9,1.535,282
/media/data01/AVT-VQDB-UHD-1/segments/Dancers_8s_617kbps_360p_60.0fps_h264.mp4,35.009,1.669,283
/media/data01/AVT-VQDB-UHD-1/segments/Dancers_8s_617kbps_360p_60.0fps_h264.mp4,34.879,1.596,284
/media/data01/AVT-VQDB-UHD-1/segments/Dancers_8s_617kbps_360p_60.0fps_h264.mp4,35.239,1.622,285
/media/data01/AVT-VQDB-UHD-1/segments/Dancers_8s_617kbps_360p_60.0fps_h264.mp4,34.746,1.726,286
/media/data01/AVT-VQDB-UHD-1/segments/Dancers_8s_617kbps_360p_60.0fps_h264.mp4,34.992,1.823,287
/media/data01/AVT-VQDB-UHD-1/segments/Dancers_8s_617kbps_360p_60.0fps_h264.mp4,35.16,1.919,288
/media/data01/AVT-VQDB-UHD-1/segments/Dancers_8s_617kbps_360p_60.0fps_h264.mp4,35.792,1.884,289
/media/data01/AVT-VQDB-UHD-1/segments/Dancers_8s_617kbps_360p_60.0fps_h264.mp4,35.249,2.067,290
/media/data01/AVT-VQDB-UHD-1/segments/Dancers_8s_617kbps_360p_60.0fps_h264.mp4,35.485,2.151,291
/media/data01/AVT-VQDB-UHD-1/segments/Dancers_8s_617kbps_360p_60.0fps_h264.mp4,35.352,2.279,292
/media/data01/AVT-VQDB-UHD-1/segments/Dancers_8s_617kbps_360p_60.0fps_h264.mp4,35.788,2.426,293
/media/data01/AVT-VQDB-UHD-1/segments/Dancers_8s_617kbps_360p_60.0fps_h264.mp4,34.975,2.488,294
/media/data01/AVT-VQDB-UHD-1/segments/Dancers_8s_617kbps_360p_60.0fps_h264.mp4,35.243,2.553,295
/media/data01/AVT-VQDB-UHD-1/segments/Dancers_8s_617kbps_360p_60.0fps_h264.mp4,35.014,2.589,296
/media/data01/AVT-VQDB-UHD-1/segments/Dancers_8s_617kbps_360p_60.0fps_h264.mp4,35.544,2.606,297
/media/data01/AVT-VQDB-UHD-1/segments/Dancers_8s_617kbps_360p_60.0fps_h264.mp4,34.822,2.656,298
/media/data01/AVT-VQDB-UHD-1/segments/Dancers_8s_617kbps_360p_60.0fps_h264.mp4,34.804,2.732,299
/media/data01/AVT-VQDB-UHD-1/segments/Dancers_8s_617kbps_360p_60.0fps_h264.mp4,35.226,2.755,300
/media/data01/AVT-VQDB-UHD-1/segments/Dancers_8s_617kbps_360p_60.0fps_h264.mp4,35.465,3.188,301
/media/data01/AVT-VQDB-UHD-1/segments/Dancers_8s_617kbps_360p_60.0fps_h264.mp4,34.518,2.892,302
/media/data01/AVT-VQDB-UHD-1/segments/Dancers_8s_617kbps_360p_60.0fps_h264.mp4,34.702,2.924,303
/media/data01/AVT-VQDB-UHD-1/segments/Dancers_8s_617kbps_360p_60.0fps_h264.mp4,34.527,3.044,304
/media/data01/AVT-VQDB-UHD-1/segments/Dancers_8s_617kbps_360p_60.0fps_h264.mp4,34.889,3.073,305
/media/data01/AVT-VQDB-UHD-1/segments/Dancers_8s_617kbps_360p_60.0fps_h264.mp4,34.174,3.139,306
/media/data01/AVT-VQDB-UHD-1/segments/Dancers_8s_617kbps_360p_60.0fps_h264.mp4,34.017,3.09,307
/media/data01/AVT-VQDB-UHD-1/segments/Dancers_8s_617kbps_360p_60.0fps_h264.mp4,33.911,3.023,308
/media/data01/AVT-VQDB-UHD-1/segments/Dancers_8s_617kbps_360p_60.0fps_h264.mp4,34.27,3.119,309
/media/data01/AVT-VQDB-UHD-1/segments/Dancers_8s_617kbps_360p_60.0fps_h264.mp4,33.526,3.161,310
/media/data01/AVT-VQDB-UHD-1/segments/Dancers_8s_617kbps_360p_60.0fps_h264.mp4,33.571,3.2,311
/media/data01/AVT-VQDB-UHD-1/segments/Dancers_8s_617kbps_360p_60.0fps_h264.mp4,33.342,3.29,312
/media/data01/AVT-VQDB-UHD-1/segments/Dancers_8s_617kbps_360p_60.0fps_h264.mp4,33.678,3.445,313
/media/data01/AVT-VQDB-UHD-1/segments/Dancers_8s_617kbps_360p_60.0fps_h264.mp4,32.986,3.724,314
/media/data01/AVT-VQDB-UHD-1/segments/Dancers_8s_617kbps_360p_60.0fps_h264.mp4,32.938,3.953,315
/media/data01/AVT-VQDB-UHD-1/segments/Dancers_8s_617kbps_360p_60.0fps_h264.mp4,32.824,4.275,316
/media/data01/AVT-VQDB-UHD-1/segments/Dancers_8s_617kbps_360p_60.0fps_h264.mp4,33.371,4.667,317
/media/data01/AVT-VQDB-UHD-1/segments/Dancers_8s_617kbps_360p_60.0fps_h264.mp4,32.676,5.023,318
/media/data01/AVT-VQDB-UHD-1/segments/Dancers_8s_617kbps_360p_60.0fps_h264.mp4,32.815,5.401,319
/media/data01/AVT-VQDB-UHD-1/segments/Dancers_8s_617kbps_360p_60.0fps_h264.mp4,32.583,5.78,320
/media/data01/AVT-VQDB-UHD-1/segments/Dancers_8s_617kbps_360p_60.0fps_h264.mp4,33.161,6.103,321
/media/data01/AVT-VQDB-UHD-1/segments/Dancers_8s_617kbps_360p_60.0fps_h264.mp4,32.178,6.154,322
/media/data01/AVT-VQDB-UHD-1/segments/Dancers_8s_617kbps_360p_60.0fps_h264.mp4,32.628,6.095,323
/media/data01/AVT-VQDB-UHD-1/segments/Dancers_8s_617kbps_360p_60.0fps_h264.mp4,32.248,5.986,324
/media/data01/AVT-VQDB-UHD-1/segments/Dancers_8s_617kbps_360p_60.0fps_h264.mp4,32.887,5.979,325
/media/data01/AVT-VQDB-UHD-1/segments/Dancers_8s_617kbps_360p_60.0fps_h264.mp4,32.131,5.883,326
/media/data01/AVT-VQDB-UHD-1/segments/Dancers_8s_617kbps_360p_60.0fps_h264.mp4,32.623,5.622,327
/media/data01/AVT-VQDB-UHD-1/segments/Dancers_8s_617kbps_360p_60.0fps_h264.mp4,32.342,5.664,328
/media/data01/AVT-VQDB-UHD-1/segments/Dancers_8s_617kbps_360p_60.0fps_h264.mp4,33.251,5.757,329
/media/data01/AVT-VQDB-UHD-1/segments/Dancers_8s_617kbps_360p_60.0fps_h264.mp4,32.195,5.794,330
/media/data01/AVT-VQDB-UHD-1/segments/Dancers_8s_617kbps_360p_60.0fps_h264.mp4,32.448,5.598,331
/media/data01/AVT-VQDB-UHD-1/segments/Dancers_8s_617kbps_360p_60.0fps_h264.mp4,31.949,5.282,332
/media/data01/AVT-VQDB-UHD-1/segments/Dancers_8s_617kbps_360p_60.0fps_h264.mp4,32.437,5.006,333
/media/data01/AVT-VQDB-UHD-1/segments/Dancers_8s_617kbps_360p_60.0fps_h264.mp4,31.612,4.823,334
/media/data01/AVT-VQDB-UHD-1/segments/Dancers_8s_617kbps_360p_60.0fps_h264.mp4,32.304,4.791,335
/media/data01/AVT-VQDB-UHD-1/segments/Dancers_8s_617kbps_360p_60.0fps_h264.mp4,32.069,4.685,336
/media/data01/AVT-VQDB-UHD-1/segments/Dancers_8s_617kbps_360p_60.0fps_h264.mp4,32.791,4.621,337
/media/data01/AVT-VQDB-UHD-1/segments/Dancers_8s_617kbps_360p_60.0fps_h264.mp4,32.248,4.566,338
/media/data01/AVT-VQDB-UHD-1/segments/Dancers_8s_617kbps_360p_60.0fps_h264.mp4,32.748,4.512,339
/media/data01/AVT-VQDB-UHD-1/segments/Dancers_8s_617kbps_360p_60.0fps_h264.mp4,32.934,4.387,340
/media/data01/AVT-VQDB-UHD-1/segments/Dancers_8s_617kbps_360p_60.0fps_h264.mp4,33.927,4.438,341
/media/data01/AVT-VQDB-UHD-1/segments/Dancers_8s_617kbps_360p_60.0fps_h264.mp4,33.702,4.355,342
/media/data01/AVT-VQDB-UHD-1/segments/Dancers_8s_617kbps_360p_60.0fps_h264.mp4,34.854,4.351,343
/media/data01/AVT-VQDB-UHD-1/segments/Dancers_8s_617kbps_360p_60.0fps_h264.mp4,35.017,4.233,344
/media/data01/AVT-VQDB-UHD-1/segments/Dancers_8s_617kbps_360p_60.0fps_h264.mp4,35.816,4.36,345
/media/data01/AVT-VQDB-UHD-1/segments/Dancers_8s_617kbps_360p_60.0fps_h264.mp4,35.243,4.339,346
/media/data01/AVT-VQDB-UHD-1/segments/Dancers_8s_617kbps_360p_60.0fps_h264.mp4,35.842,4.271,347
/media/data01/AVT-VQDB-UHD-1/segments/Dancers_8s_617kbps_360p_60.0fps_h264.mp4,35.672,4.158,348
/media/data01/AVT-VQDB-UHD-1/segments/Dancers_8s_617kbps_360p_60.0fps_h264.mp4,36.848,4.268,349
/media/data01/AVT-VQDB-UHD-1/segments/Dancers_8s_617kbps_360p_60.0fps_h264.mp4,35.795,4.224,350
/media/data01/AVT-VQDB-UHD-1/segments/Dancers_8s_617kbps_360p_60.0fps_h264.mp4,35.96,4.189,351
/media/data01/AVT-VQDB-UHD-1/segments/Dancers_8s_617kbps_360p_60.0fps_h264.mp4,35.529,4.042,352
/media/data01/AVT-VQDB-UHD-1/segments/Dancers_8s_617kbps_360p_60.0fps_h264.mp4,36.395,4.112,353
/media/data01/AVT-VQDB-UHD-1/segments/Dancers_8s_617kbps_360p_60.0fps_h264.mp4,35.654,4.226,354
/media/data01/AVT-VQDB-UHD-1/segments/Dancers_8s_617kbps_360p_60.0fps_h264.mp4,36.447,4.281,355
/media/data01/AVT-VQDB-UHD-1/segments/Dancers_8s_617kbps_360p_60.0fps_h264.mp4,36.334,4.596,356
/media/data01/AVT-VQDB-UHD-1/segments/Dancers_8s_617kbps_360p_60.0fps_h264.mp4,37.196,4.864,357
/media/data01/AVT-VQDB-UHD-1/segments/Dancers_8s_617kbps_360p_60.0fps_h264.mp4,36.532,4.992,358
/media/data01/AVT-VQDB-UHD-1/segments/Dancers_8s_617kbps_360p_60.0fps_h264.mp4,36.3,4.993,359
/media/data01/AVT-VQDB-UHD-1/segments/Dancers_8s_617kbps_360p_60.0fps_h264.mp4,36.969,4.851,360
/media/data01/AVT-VQDB-UHD-1/segments/Dancers_8s_617kbps_360p_60.0fps_h264.mp4,37.62,5.025,361
/media/data01/AVT-VQDB-UHD-1/segments/Dancers_8s_617kbps_360p_60.0fps_h264.mp4,36.623,4.718,362
/media/data01/AVT-VQDB-UHD-1/segments/Dancers_8s_617kbps_360p_60.0fps_h264.mp4,36.909,4.482,363
/media/data01/AVT-VQDB-UHD-1/segments/Dancers_8s_617kbps_360p_60.0fps_h264.mp4,36.37,4.363,364
/media/data01/AVT-VQDB-UHD-1/segments/Dancers_8s_617kbps_360p_60.0fps_h264.mp4,36.995,4.405,365
/media/data01/AVT-VQDB-UHD-1/segments/Dancers_8s_617kbps_360p_60.0fps_h264.mp4,35.78,4.267,366
/media/data01/AVT-VQDB-UHD-1/segments/Dancers_8s_617kbps_360p_60.0fps_h264.mp4,36.107,4.142,367
/media/data01/AVT-VQDB-UHD-1/segments/Dancers_8s_617kbps_360p_60.0fps_h264.mp4,35.582,4.062,368
/media/data01/AVT-VQDB-UHD-1/segments/Dancers_8s_617kbps_360p_60.0fps_h264.mp4,36.281,4.032,369
/media/data01/AVT-VQDB-UHD-1/segments/Dancers_8s_617kbps_360p_60.0fps_h264.mp4,35.156,3.943,370
/media/data01/AVT-VQDB-UHD-1/segments/Dancers_8s_617kbps_360p_60.0fps_h264.mp4,35.381,3.865,371
/media/data01/AVT-VQDB-UHD-1/segments/Dancers_8s_617kbps_360p_60.0fps_h264.mp4,34.874,3.874,372
/media/data01/AVT-VQDB-UHD-1/segments/Dancers_8s_617kbps_360p_60.0fps_h264.mp4,35.522,3.891,373
/media/data01/AVT-VQDB-UHD-1/segments/Dancers_8s_617kbps_360p_60.0fps_h264.mp4,34.588,3.859,374
/media/data01/AVT-VQDB-UHD-1/segments/Dancers_8s_617kbps_360p_60.0fps_h264.mp4,34.801,3.76,375
/media/data01/AVT-VQDB-UHD-1/segments/Dancers_8s_617kbps_360p_60.0fps_h264.mp4,34.244,3.787,376
/media/data01/AVT-VQDB-UHD-1/segments/Dancers_8s_617kbps_360p_60.0fps_h264.mp4,34.696,3.824,377
/media/data01/AVT-VQDB-UHD-1/segments/Dancers_8s_617kbps_360p_60.0fps_h264.mp4,33.559,3.923,378
/media/data01/AVT-VQDB-UHD-1/segments/Dancers_8s_617kbps_360p_60.0fps_h264.mp4,33.532,4.113,379
/media/data01/AVT-VQDB-UHD-1/segments/Dancers_8s_617kbps_360p_60.0fps_h264.mp4,33.259,4.142,380
/media/data01/AVT-VQDB-UHD-1/segments/Dancers_8s_617kbps_360p_60.0fps_h264.mp4,34.026,4.222,381
/media/data01/AVT-VQDB-UHD-1/segments/Dancers_8s_617kbps_360p_60.0fps_h264.mp4,33.494,4.184,382
/media/data01/AVT-VQDB-UHD-1/segments/Dancers_8s_617kbps_360p_60.0fps_h264.mp4,33.8,4.241,383
/media/data01/AVT-VQDB-UHD-1/segments/Dancers_8s_617kbps_360p_60.0fps_h264.mp4,33.455,4.347,384
/media/data01/AVT-VQDB-UHD-1/segments/Dancers_8s_617kbps_360p_60.0fps_h264.mp4,34.46,4.549,385
/media/data01/AVT-VQDB-UHD-1/segments/Dancers_8s_617kbps_360p_60.0fps_h264.mp4,33.295,4.617,386
/media/data01/AVT-VQDB-UHD-1/segments/Dancers_8s_617kbps_360p_60.0fps_h264.mp4,33.396,4.674,387
/media/data01/AVT-VQDB-UHD-1/segments/Dancers_8s_617kbps_360p_60.0fps_h264.mp4,33.422,4.81,388
/media/data01/AVT-VQDB-UHD-1/segments/Dancers_8s_617kbps_360p_60.0fps_h264.mp4,34.097,5.165,389
/media/data01/AVT-VQDB-UHD-1/segments/Dancers_8s_617kbps_360p_60.0fps_h264.mp4,32.807,5.211,390
/media/data01/AVT-VQDB-UHD-1/segments/Dancers_8s_617kbps_360p_60.0fps_h264.mp4,32.852,5.033,391
/media/data01/AVT-VQDB-UHD-1/segments/Dancers_8s_617kbps_360p_60.0fps_h264.mp4,32.018,4.897,392
/media/data01/AVT-VQDB-UHD-1/segments/Dancers_8s_617kbps_360p_60.0fps_h264.mp4,32.929,4.848,393
/media/data01/AVT-VQDB-UHD-1/segments/Dancers_8s_617kbps_360p_60.0fps_h264.mp4,32.133,4.814,394
/media/data01/AVT-VQDB-UHD-1/segments/Dancers_8s_617kbps_360p_60.0fps_h264.mp4,32.363,4.757,395
/media/data01/AVT-VQDB-UHD-1/segments/Dancers_8s_617kbps_360p_60.0fps_h264.mp4,31.778,4.705,396
/media/data01/AVT-VQDB-UHD-1/segments/Dancers_8s_617kbps_360p_60.0fps_h264.mp4,32.376,4.733,397
/media/data01/AVT-VQDB-UHD-1/segments/Dancers_8s_617kbps_360p_60.0fps_h264.mp4,31.544,4.697,398
/media/data01/AVT-VQDB-UHD-1/segments/Dancers_8s_617kbps_360p_60.0fps_h264.mp4,32.155,4.622,399
/media/data01/AVT-VQDB-UHD-1/segments/Dancers_8s_617kbps_360p_60.0fps_h264.mp4,31.848,4.555,400
/media/data01/AVT-VQDB-UHD-1/segments/Dancers_8s_617kbps_360p_60.0fps_h264.mp4,32.72,4.568,401
/media/data01/AVT-VQDB-UHD-1/segments/Dancers_8s_617kbps_360p_60.0fps_h264.mp4,31.909,4.58,402
/media/data01/AVT-VQDB-UHD-1/segments/Dancers_8s_617kbps_360p_60.0fps_h264.mp4,32.042,4.567,403
/media/data01/AVT-VQDB-UHD-1/segments/Dancers_8s_617kbps_360p_60.0fps_h264.mp4,31.724,4.612,404
/media/data01/AVT-VQDB-UHD-1/segments/Dancers_8s_617kbps_360p_60.0fps_h264.mp4,32.346,4.631,405
/media/data01/AVT-VQDB-UHD-1/segments/Dancers_8s_617kbps_360p_60.0fps_h264.mp4,31.468,4.595,406
/media/data01/AVT-VQDB-UHD-1/segments/Dancers_8s_617kbps_360p_60.0fps_h264.mp4,31.639,4.547,407
/media/data01/AVT-VQDB-UHD-1/segments/Dancers_8s_617kbps_360p_60.0fps_h264.mp4,31.038,4.578,408
/media/data01/AVT-VQDB-UHD-1/segments/Dancers_8s_617kbps_360p_60.0fps_h264.mp4,31.373,4.673,409
/media/data01/AVT-VQDB-UHD-1/segments/Dancers_8s_617kbps_360p_60.0fps_h264.mp4,30.306,4.816,410
/media/data01/AVT-VQDB-UHD-1/segments/Dancers_8s_617kbps_360p_60.0fps_h264.mp4,30.656,4.792,411
/media/data01/AVT-VQDB-UHD-1/segments/Dancers_8s_617kbps_360p_60.0fps_h264.mp4,30.622,4.913,412
/media/data01/AVT-VQDB-UHD-1/segments/Dancers_8s_617kbps_360p_60.0fps_h264.mp4,31.316,4.769,413
/media/data01/AVT-VQDB-UHD-1/segments/Dancers_8s_617kbps_360p_60.0fps_h264.mp4,30.669,4.707,414
/media/data01/AVT-VQDB-UHD-1/segments/Dancers_8s_617kbps_360p_60.0fps_h264.mp4,30.684,4.585,415
/media/data01/AVT-VQDB-UHD-1/segments/Dancers_8s_617kbps_360p_60.0fps_h264.mp4,30.38,4.38,416
/media/data01/AVT-VQDB-UHD-1/segments/Dancers_8s_617kbps_360p_60.0fps_h264.mp4,30.699,4.181,417
/media/data01/AVT-VQDB-UHD-1/segments/Dancers_8s_617kbps_360p_60.0fps_h264.mp4,30.059,4.063,418
/media/data01/AVT-VQDB-UHD-1/segments/Dancers_8s_617kbps_360p_60.0fps_h264.mp4,29.758,3.819,419
/media/data01/AVT-VQDB-UHD-1/segments/Dancers_8s_617kbps_360p_60.0fps_h264.mp4,30.223,3.829,420
/media/data01/AVT-VQDB-UHD-1/segments/Dancers_8s_617kbps_360p_60.0fps_h264.mp4,30.823,4.081,421
/media/data01/AVT-VQDB-UHD-1/segments/Dancers_8s_617kbps_360p_60.0fps_h264.mp4,30.256,3.758,422
/media/data01/AVT-VQDB-UHD-1/segments/Dancers_8s_617kbps_360p_60.0fps_h264.mp4,30.586,3.763,423
/media/data01/AVT-VQDB-UHD-1/segments/Dancers_8s_617kbps_360p_60.0fps_h264.mp4,31.024,3.874,424
/media/data01/AVT-VQDB-UHD-1/segments/Dancers_8s_617kbps_360p_60.0fps_h264.mp4,32.365,4.071,425
/media/data01/AVT-VQDB-UHD-1/segments/Dancers_8s_617kbps_360p_60.0fps_h264.mp4,32.385,4.298,426
/media/data01/AVT-VQDB-UHD-1/segments/Dancers_8s_617kbps_360p_60.0fps_h264.mp4,33.055,4.42,427
/media/data01/AVT-VQDB-UHD-1/segments/Dancers_8s_617kbps_360p_60.0fps_h264.mp4,33.131,4.544,428
/media/data01/AVT-VQDB-UHD-1/segments/Dancers_8s_617kbps_360p_60.0fps_h264.mp4,33.766,4.537,429
/media/data01/AVT-VQDB-UHD-1/segments/Dancers_8s_617kbps_360p_60.0fps_h264.mp4,33.171,4.21,430
/media/data01/AVT-VQDB-UHD-1/segments/Dancers_8s_617kbps_360p_60.0fps_h264.mp4,33.111,3.956,431
/media/data01/AVT-VQDB-UHD-1/segments/Dancers_8s_617kbps_360p_60.0fps_h264.mp4,32.91,3.684,432
/media/data01/AVT-VQDB-UHD-1/segments/Dancers_8s_617kbps_360p_60.0fps_h264.mp4,33.379,3.523,433
/media/data01/AVT-VQDB-UHD-1/segments/Dancers_8s_617kbps_360p_60.0fps_h264.mp4,32.547,3.192,434
/media/data01/AVT-VQDB-UHD-1/segments/Dancers_8s_617kbps_360p_60.0fps_h264.mp4,32.701,2.989,435
/media/data01/AVT-VQDB-UHD-1/segments/Dancers_8s_617kbps_360p_60.0fps_h264.mp4,32.446,2.828,436
/media/data01/AVT-VQDB-UHD-1/segments/Dancers_8s_617kbps_360p_60.0fps_h264.mp4,33.026,2.581,437
/media/data01/AVT-VQDB-UHD-1/segments/Dancers_8s_617kbps_360p_60.0fps_h264.mp4,32.165,2.462,438
/media/data01/AVT-VQDB-UHD-1/segments/Dancers_8s_617kbps_360p_60.0fps_h264.mp4,32.36,2.177,439
/media/data01/AVT-VQDB-UHD-1/segments/Dancers_8s_617kbps_360p_60.0fps_h264.mp4,31.953,1.953,440
/media/data01/AVT-VQDB-UHD-1/segments/Dancers_8s_617kbps_360p_60.0fps_h264.mp4,32.436,1.831,441
/media/data01/AVT-VQDB-UHD-1/segments/Dancers_8s_617kbps_360p_60.0fps_h264.mp4,31.675,1.689,442
/media/data01/AVT-VQDB-UHD-1/segments/Dancers_8s_617kbps_360p_60.0fps_h264.mp4,31.646,1.641,443
/media/data01/AVT-VQDB-UHD-1/segments/Dancers_8s_617kbps_360p_60.0fps_h264.mp4,31.309,1.553,444
/media/data01/AVT-VQDB-UHD-1/segments/Dancers_8s_617kbps_360p_60.0fps_h264.mp4,31.806,1.499,445
/media/data01/AVT-VQDB-UHD-1/segments/Dancers_8s_617kbps_360p_60.0fps_h264.mp4,30.969,1.528,446
/media/data01/AVT-VQDB-UHD-1/segments/Dancers_8s_617kbps_360p_60.0fps_h264.mp4,31.138,1.502,447
/media/data01/AVT-VQDB-UHD-1/segments/Dancers_8s_617kbps_360p_60.0fps_h264.mp4,30.811,1.507,448
/media/data01/AVT-VQDB-UHD-1/segments/Dancers_8s_617kbps_360p_60.0fps_h264.mp4,31.35,1.608,449
/media/data01/AVT-VQDB-UHD-1/segments/Dancers_8s_617kbps_360p_60.0fps_h264.mp4,30.425,1.636,450
/media/data01/AVT-VQDB-UHD-1/segments/Dancers_8s_617kbps_360p_60.0fps_h264.mp4,30.546,1.649,451
/media/data01/AVT-VQDB-UHD-1/segments/Dancers_8s_617kbps_360p_60.0fps_h264.mp4,30.234,1.699,452
/media/data01/AVT-VQDB-UHD-1/segments/Dancers_8s_617kbps_360p_60.0fps_h264.mp4,30.671,1.791,453
/media/data01/AVT-VQDB-UHD-1/segments/Dancers_8s_617kbps_360p_60.0fps_h264.mp4,29.848,1.737,454
/media/data01/AVT-VQDB-UHD-1/segments/Dancers_8s_617kbps_360p_60.0fps_h264.mp4,29.752,1.745,455
/media/data01/AVT-VQDB-UHD-1/segments/Dancers_8s_617kbps_360p_60.0fps_h264.mp4,29.444,1.748,456
/media/data01/AVT-VQDB-UHD-1/segments/Dancers_8s_617kbps_360p_60.0fps_h264.mp4,29.768,1.734,457
/media/data01/AVT-VQDB-UHD-1/segments/Dancers_8s_617kbps_360p_60.0fps_h264.mp4,28.955,1.731,458
/media/data01/AVT-VQDB-UHD-1/segments/Dancers_8s_617kbps_360p_60.0fps_h264.mp4,28.918,1.612,459
/media/data01/AVT-VQDB-UHD-1/segments/Dancers_8s_617kbps_360p_60.0fps_h264.mp4,28.613,1.576,460
/media/data01/AVT-VQDB-UHD-1/segments/Dancers_8s_617kbps_360p_60.0fps_h264.mp4,28.755,1.494,461
/media/data01/AVT-VQDB-UHD-1/segments/Dancers_8s_617kbps_360p_60.0fps_h264.mp4,28.044,1.489,462
/media/data01/AVT-VQDB-UHD-1/segments/Dancers_8s_617kbps_360p_60.0fps_h264.mp4,27.988,1.414,463
/media/data01/AVT-VQDB-UHD-1/segments/Dancers_8s_617kbps_360p_60.0fps_h264.mp4,27.695,1.324,464
/media/data01/AVT-VQDB-UHD-1/segments/Dancers_8s_617kbps_360p_60.0fps_h264.mp4,28.06,1.322,465
/media/data01/AVT-VQDB-UHD-1/segments/Dancers_8s_617kbps_360p_60.0fps_h264.mp4,27.426,1.266,466
/media/data01/AVT-VQDB-UHD-1/segments/Dancers_8s_617kbps_360p_60.0fps_h264.mp4,27.387,1.276,467
/media/data01/AVT-VQDB-UHD-1/segments/Dancers_8s_617kbps_360p_60.0fps_h264.mp4,27.381,1.248,468
/media/data01/AVT-VQDB-UHD-1/segments/Dancers_8s_617kbps_360p_60.0fps_h264.mp4,27.818,1.309,469
/media/data01/AVT-VQDB-UHD-1/segments/Dancers_8s_617kbps_360p_60.0fps_h264.mp4,27.554,1.322,470
/media/data01/AVT-VQDB-UHD-1/segments/Dancers_8s_617kbps_360p_60.0fps_h264.mp4,27.654,1.314,471
/media/data01/AVT-VQDB-UHD-1/segments/Dancers_8s_617kbps_360p_60.0fps_h264.mp4,27.732,1.383,472
/media/data01/AVT-VQDB-UHD-1/segments/Dancers_8s_617kbps_360p_60.0fps_h264.mp4,28.244,1.309,473
/media/data01/AVT-VQDB-UHD-1/segments/Dancers_8s_617kbps_360p_60.0fps_h264.mp4,27.609,1.243,474
/media/data01/AVT-VQDB-UHD-1/segments/Dancers_8s_617kbps_360p_60.0fps_h264.mp4,27.889,1.2,475
/media/data01/AVT-VQDB-UHD-1/segments/Dancers_8s_617kbps_360p_60.0fps_h264.mp4,27.783,1.226,476
/media/data01/AVT-VQDB-UHD-1/segments/Dancers_8s_617kbps_360p_60.0fps_h264.mp4,28.09,1.276,477
/media/data01/AVT-VQDB-UHD-1/segments/Dancers_8s_617kbps_360p_60.0fps_h264.mp4,27.583,1.256,478
/media/data01/AVT-VQDB-UHD-1/segments/Dancers_8s_617kbps_360p_60.0fps_h264.mp4,27.529,1.198,479
/media/data01/AVT-VQDB-UHD-1/segments/Dancers_8s_617kbps_360p_60.0fps_h264.mp4,27.864,1.18,480
